Method,Job,AnalyzeLaunchVariance,EvaluateOverhead,MaxAbsoluteError,MaxRelativeError,MinInvokeCount,MinIterationTime,OutlierMode,Affinity,EnvironmentVariables,Jit,LargeAddressAware,Platform,PowerPlanMode,Runtime,AllowVeryLargeObjects,Concurrent,CpuGroups,Force,HeapAffinitizeMask,HeapCount,NoAffinitize,RetainVm,Server,Arguments,BuildConfiguration,Clock,EngineFactory,NuGetReferences,Toolchain,IsMutator,InvocationCount,IterationCount,IterationTime,LaunchCount,MaxIterationCount,MaxWarmupIterationCount,MemoryRandomization,MinIterationCount,MinWarmupIterationCount,RunStrategy,UnrollFactor,WarmupCount,Population,Mean,Error,StdDev,Allocated
MultiQueue_EnqueueDequeue_Int,ShortRun,False,Default,Default,Default,Default,Default,Default,1111111111111111111111111111111111111111111111111111111111111111,Empty,RyuJit,Default,X64,8c5e7fda-e8bf-4a96-9a85-a6e23a8c635c,.NET 10.0,False,True,False,True,Default,Default,False,False,False,Default,Default,Default,Default,Default,Default,Default,Default,3,Default,1,Default,Default,Default,Default,Default,Default,16,3,10,259.73 ns,22.693 ns,1.244 ns,0 B
Locking_EnqueueDequeue_Int,ShortRun,False,Default,Default,Default,Default,Default,Default,1111111111111111111111111111111111111111111111111111111111111111,Empty,RyuJit,Default,X64,8c5e7fda-e8bf-4a96-9a85-a6e23a8c635c,.NET 10.0,False,True,False,True,Default,Default,False,False,False,Default,Default,Default,Default,Default,Default,Default,Default,3,Default,1,Default,Default,Default,Default,Default,Default,16,3,10,37.97 ns,0.577 ns,0.032 ns,0 B
RawLocked_EnqueueDequeue_Int,ShortRun,False,Default,Default,Default,Default,Default,Default,1111111111111111111111111111111111111111111111111111111111111111,Empty,RyuJit,Default,X64,8c5e7fda-e8bf-4a96-9a85-a6e23a8c635c,.NET 10.0,False,True,False,True,Default,Default,False,False,False,Default,Default,Default,Default,Default,Default,Default,Default,3,Default,1,Default,Default,Default,Default,Default,Default,16,3,10,20.32 ns,0.098 ns,0.005 ns,0 B
MultiQueue_EnqueueDequeue_Int,ShortRun,False,Default,Default,Default,Default,Default,Default,1111111111111111111111111111111111111111111111111111111111111111,Empty,RyuJit,Default,X64,8c5e7fda-e8bf-4a96-9a85-a6e23a8c635c,.NET 10.0,False,True,False,True,Default,Default,False,False,False,Default,Default,Default,Default,Default,Default,Default,Default,3,Default,1,Default,Default,Default,Default,Default,Default,16,3,1000,80.05 ns,1.179 ns,0.065 ns,0 B
Locking_EnqueueDequeue_Int,ShortRun,False,Default,Default,Default,Default,Default,Default,1111111111111111111111111111111111111111111111111111111111111111,Empty,RyuJit,Default,X64,8c5e7fda-e8bf-4a96-9a85-a6e23a8c635c,.NET 10.0,False,True,False,True,Default,Default,False,False,False,Default,Default,Default,Default,Default,Default,Default,Default,3,Default,1,Default,Default,Default,Default,Default,Default,16,3,1000,62.52 ns,2.797 ns,0.153 ns,0 B
RawLocked_EnqueueDequeue_Int,ShortRun,False,Default,Default,Default,Default,Default,Default,1111111111111111111111111111111111111111111111111111111111111111,Empty,RyuJit,Default,X64,8c5e7fda-e8bf-4a96-9a85-a6e23a8c635c,.NET 10.0,False,True,False,True,Default,Default,False,False,False,Default,Default,Default,Default,Default,Default,Default,Default,3,Default,1,Default,Default,Default,Default,Default,Default,16,3,1000,57.49 ns,3.804 ns,0.209 ns,0 B
MultiQueue_EnqueueDequeue_Int,ShortRun,False,Default,Default,Default,Default,Default,Default,1111111111111111111111111111111111111111111111111111111111111111,Empty,RyuJit,Default,X64,8c5e7fda-e8bf-4a96-9a85-a6e23a8c635c,.NET 10.0,False,True,False,True,Default,Default,False,False,False,Default,Default,Default,Default,Default,Default,Default,Default,3,Default,1,Default,Default,Default,Default,Default,Default,16,3,100000,126.02 ns,1.743 ns,0.096 ns,0 B
Locking_EnqueueDequeue_Int,ShortRun,False,Default,Default,Default,Default,Default,Default,1111111111111111111111111111111111111111111111111111111111111111,Empty,RyuJit,Default,X64,8c5e7fda-e8bf-4a96-9a85-a6e23a8c635c,.NET 10.0,False,True,False,True,Default,Default,False,False,False,Default,Default,Default,Default,Default,Default,Default,Default,3,Default,1,Default,Default,Default,Default,Default,Default,16,3,100000,78.98 ns,5.425 ns,0.297 ns,0 B
RawLocked_EnqueueDequeue_Int,ShortRun,False,Default,Default,Default,Default,Default,Default,1111111111111111111111111111111111111111111111111111111111111111,Empty,RyuJit,Default,X64,8c5e7fda-e8bf-4a96-9a85-a6e23a8c635c,.NET 10.0,False,True,False,True,Default,Default,False,False,False,Default,Default,Default,Default,Default,Default,Default,Default,3,Default,1,Default,Default,Default,Default,Default,Default,16,3,100000,68.74 ns,4.260 ns,0.234 ns,0 B
MultiQueue_EnqueueDequeue_Int,ShortRun,False,Default,Default,Default,Default,Default,Default,1111111111111111111111111111111111111111111111111111111111111111,Empty,RyuJit,Default,X64,8c5e7fda-e8bf-4a96-9a85-a6e23a8c635c,.NET 10.0,False,True,False,True,Default,Default,False,False,False,Default,Default,Default,Default,Default,Default,Default,Default,3,Default,1,Default,Default,Default,Default,Default,Default,16,3,1000000,175.91 ns,40.254 ns,2.206 ns,0 B
Locking_EnqueueDequeue_Int,ShortRun,False,Default,Default,Default,Default,Default,Default,1111111111111111111111111111111111111111111111111111111111111111,Empty,RyuJit,Default,X64,8c5e7fda-e8bf-4a96-9a85-a6e23a8c635c,.NET 10.0,False,True,False,True,Default,Default,False,False,False,Default,Default,Default,Default,Default,Default,Default,Default,3,Default,1,Default,Default,Default,Default,Default,Default,16,3,1000000,89.45 ns,5.856 ns,0.321 ns,0 B
RawLocked_EnqueueDequeue_Int,ShortRun,False,Default,Default,Default,Default,Default,Default,1111111111111111111111111111111111111111111111111111111111111111,Empty,RyuJit,Default,X64,8c5e7fda-e8bf-4a96-9a85-a6e23a8c635c,.NET 10.0,False,True,False,True,Default,Default,False,False,False,Default,Default,Default,Default,Default,Default,Default,Default,3,Default,1,Default,Default,Default,Default,Default,Default,16,3,1000000,79.75 ns,2.395 ns,0.131 ns,0 B
MultiQueue_EnqueueDequeue_String,ShortRun,False,Default,Default,Default,Default,Default,Default,1111111111111111111111111111111111111111111111111111111111111111,Empty,RyuJit,Default,X64,8c5e7fda-e8bf-4a96-9a85-a6e23a8c635c,.NET 10.0,False,True,False,True,Default,Default,False,False,False,Default,Default,Default,Default,Default,Default,Default,Default,3,Default,1,Default,Default,Default,Default,Default,Default,16,3,10,364.59 ns,6.883 ns,0.377 ns,0 B
MultiQueue_EnqueueDequeue_String,ShortRun,False,Default,Default,Default,Default,Default,Default,1111111111111111111111111111111111111111111111111111111111111111,Empty,RyuJit,Default,X64,8c5e7fda-e8bf-4a96-9a85-a6e23a8c635c,.NET 10.0,False,True,False,True,Default,Default,False,False,False,Default,Default,Default,Default,Default,Default,Default,Default,3,Default,1,Default,Default,Default,Default,Default,Default,16,3,1000,359.09 ns,12.718 ns,0.697 ns,0 B
MultiQueue_EnqueueDequeue_String,ShortRun,False,Default,Default,Default,Default,Default,Default,1111111111111111111111111111111111111111111111111111111111111111,Empty,RyuJit,Default,X64,8c5e7fda-e8bf-4a96-9a85-a6e23a8c635c,.NET 10.0,False,True,False,True,Default,Default,False,False,False,Default,Default,Default,Default,Default,Default,Default,Default,3,Default,1,Default,Default,Default,Default,Default,Default,16,3,100000,"1,037.71 ns",114.442 ns,6.273 ns,0 B
MultiQueue_EnqueueDequeue_String,ShortRun,False,Default,Default,Default,Default,Default,Default,1111111111111111111111111111111111111111111111111111111111111111,Empty,RyuJit,Default,X64,8c5e7fda-e8bf-4a96-9a85-a6e23a8c635c,.NET 10.0,False,True,False,True,Default,Default,False,False,False,Default,Default,Default,Default,Default,Default,Default,Default,3,Default,1,Default,Default,Default,Default,Default,Default,16,3,1000000,"1,322.55 ns","1,606.461 ns",88.056 ns,0 B
