Method,Job,AnalyzeLaunchVariance,EvaluateOverhead,MaxAbsoluteError,MaxRelativeError,MinInvokeCount,MinIterationTime,OutlierMode,Affinity,EnvironmentVariables,Jit,LargeAddressAware,Platform,PowerPlanMode,Runtime,AllowVeryLargeObjects,Concurrent,CpuGroups,Force,HeapAffinitizeMask,HeapCount,NoAffinitize,RetainVm,Server,Arguments,BuildConfiguration,Clock,EngineFactory,NuGetReferences,Toolchain,IsMutator,InvocationCount,IterationCount,IterationTime,LaunchCount,MaxIterationCount,MaxWarmupIterationCount,MemoryRandomization,MinIterationCount,MinWarmupIterationCount,RunStrategy,UnrollFactor,WarmupCount,Population,Mean,Error,StdDev,Median,Ratio,RatioSD,Allocated,Alloc Ratio
MultiQueue_EnqueueDequeue_Int,ShortRun,False,Default,Default,Default,Default,Default,Default,1111111111111111111111111111111111111111111111111111111111111111,Empty,RyuJit,Default,X64,8c5e7fda-e8bf-4a96-9a85-a6e23a8c635c,.NET 10.0,False,True,False,True,Default,Default,False,False,False,Default,Default,Default,Default,Default,Default,Default,Default,3,Default,1,Default,Default,Default,Default,Default,Default,16,3,10,148.342 ns,9.9908 ns,0.5476 ns,148.103 ns,3.42,0.34,0 B,0.00
MultiQueueSticky4_EnqueueDequeue_Int,ShortRun,False,Default,Default,Default,Default,Default,Default,1111111111111111111111111111111111111111111111111111111111111111,Empty,RyuJit,Default,X64,8c5e7fda-e8bf-4a96-9a85-a6e23a8c635c,.NET 10.0,False,True,False,True,Default,Default,False,False,False,Default,Default,Default,Default,Default,Default,Default,Default,3,Default,1,Default,Default,Default,Default,Default,Default,16,3,10,124.628 ns,23.8017 ns,1.3047 ns,123.919 ns,2.87,0.29,0 B,0.00
Locking_EnqueueDequeue_Int,ShortRun,False,Default,Default,Default,Default,Default,Default,1111111111111111111111111111111111111111111111111111111111111111,Empty,RyuJit,Default,X64,8c5e7fda-e8bf-4a96-9a85-a6e23a8c635c,.NET 10.0,False,True,False,True,Default,Default,False,False,False,Default,Default,Default,Default,Default,Default,Default,Default,3,Default,1,Default,Default,Default,Default,Default,Default,16,3,10,38.406 ns,2.4886 ns,0.1364 ns,38.351 ns,0.89,0.09,0 B,0.00
RawLocked_EnqueueDequeue_Int,ShortRun,False,Default,Default,Default,Default,Default,Default,1111111111111111111111111111111111111111111111111111111111111111,Empty,RyuJit,Default,X64,8c5e7fda-e8bf-4a96-9a85-a6e23a8c635c,.NET 10.0,False,True,False,True,Default,Default,False,False,False,Default,Default,Default,Default,Default,Default,Default,Default,3,Default,1,Default,Default,Default,Default,Default,Default,16,3,10,20.425 ns,0.7181 ns,0.0394 ns,20.422 ns,0.47,0.05,0 B,0.00
RawUnlocked_EnqueueDequeue_Int,ShortRun,False,Default,Default,Default,Default,Default,Default,1111111111111111111111111111111111111111111111111111111111111111,Empty,RyuJit,Default,X64,8c5e7fda-e8bf-4a96-9a85-a6e23a8c635c,.NET 10.0,False,True,False,True,Default,Default,False,False,False,Default,Default,Default,Default,Default,Default,Default,Default,3,Default,1,Default,Default,Default,Default,Default,Default,16,3,10,7.692 ns,5.8369 ns,0.3199 ns,7.678 ns,0.18,0.02,0 B,0.00
MultiQueue_EnqueueDequeue_String,ShortRun,False,Default,Default,Default,Default,Default,Default,1111111111111111111111111111111111111111111111111111111111111111,Empty,RyuJit,Default,X64,8c5e7fda-e8bf-4a96-9a85-a6e23a8c635c,.NET 10.0,False,True,False,True,Default,Default,False,False,False,Default,Default,Default,Default,Default,Default,Default,Default,3,Default,1,Default,Default,Default,Default,Default,Default,16,3,10,152.802 ns,6.2140 ns,0.3406 ns,152.619 ns,3.52,0.36,0 B,0.00
MultiQueue_Enqueue_Int,ShortRun,False,Default,Default,Default,Default,Default,Default,1111111111111111111111111111111111111111111111111111111111111111,Empty,RyuJit,Default,X64,8c5e7fda-e8bf-4a96-9a85-a6e23a8c635c,.NET 10.0,False,True,False,True,Default,Default,False,False,False,Default,Default,Default,Default,Default,Default,Default,Default,3,Default,1,Default,Default,Default,Default,Default,Default,16,3,10,43.819 ns,99.7458 ns,5.4674 ns,40.732 ns,1.01,0.15,58 B,1.00
MultiQueueSticky4_Enqueue_Int,ShortRun,False,Default,Default,Default,Default,Default,Default,1111111111111111111111111111111111111111111111111111111111111111,Empty,RyuJit,Default,X64,8c5e7fda-e8bf-4a96-9a85-a6e23a8c635c,.NET 10.0,False,True,False,True,Default,Default,False,False,False,Default,Default,Default,Default,Default,Default,Default,Default,3,Default,1,Default,Default,Default,Default,Default,Default,16,3,10,41.642 ns,95.6765 ns,5.2444 ns,38.675 ns,0.96,0.14,61 B,1.05
Locking_Enqueue_Int,ShortRun,False,Default,Default,Default,Default,Default,Default,1111111111111111111111111111111111111111111111111111111111111111,Empty,RyuJit,Default,X64,8c5e7fda-e8bf-4a96-9a85-a6e23a8c635c,.NET 10.0,False,True,False,True,Default,Default,False,False,False,Default,Default,Default,Default,Default,Default,Default,Default,3,Default,1,Default,Default,Default,Default,Default,Default,16,3,10,22.797 ns,128.1353 ns,7.0235 ns,18.787 ns,0.53,0.15,0 B,0.00
RawLocked_Enqueue_Int,ShortRun,False,Default,Default,Default,Default,Default,Default,1111111111111111111111111111111111111111111111111111111111111111,Empty,RyuJit,Default,X64,8c5e7fda-e8bf-4a96-9a85-a6e23a8c635c,.NET 10.0,False,True,False,True,Default,Default,False,False,False,Default,Default,Default,Default,Default,Default,Default,Default,3,Default,1,Default,Default,Default,Default,Default,Default,16,3,10,22.779 ns,130.1932 ns,7.1363 ns,18.836 ns,0.52,0.15,0 B,0.00
RawUnlocked_Enqueue_Int,ShortRun,False,Default,Default,Default,Default,Default,Default,1111111111111111111111111111111111111111111111111111111111111111,Empty,RyuJit,Default,X64,8c5e7fda-e8bf-4a96-9a85-a6e23a8c635c,.NET 10.0,False,True,False,True,Default,Default,False,False,False,Default,Default,Default,Default,Default,Default,Default,Default,3,Default,1,Default,Default,Default,Default,Default,Default,16,3,10,6.103 ns,126.5225 ns,6.9351 ns,2.104 ns,0.14,0.14,0 B,0.00
MultiQueue_Enqueue_String,ShortRun,False,Default,Default,Default,Default,Default,Default,1111111111111111111111111111111111111111111111111111111111111111,Empty,RyuJit,Default,X64,8c5e7fda-e8bf-4a96-9a85-a6e23a8c635c,.NET 10.0,False,True,False,True,Default,Default,False,False,False,Default,Default,Default,Default,Default,Default,Default,Default,3,Default,1,Default,Default,Default,Default,Default,Default,16,3,10,140.058 ns,201.0649 ns,11.0210 ns,133.704 ns,3.23,0.39,140 B,2.41
MultiQueue_EnqueueDequeue_Int,ShortRun,False,Default,Default,Default,Default,Default,Default,1111111111111111111111111111111111111111111111111111111111111111,Empty,RyuJit,Default,X64,8c5e7fda-e8bf-4a96-9a85-a6e23a8c635c,.NET 10.0,False,True,False,True,Default,Default,False,False,False,Default,Default,Default,Default,Default,Default,Default,Default,3,Default,1,Default,Default,Default,Default,Default,Default,16,3,1000,80.638 ns,1.5605 ns,0.0855 ns,80.631 ns,1.89,0.17,0 B,0.00
MultiQueueSticky4_EnqueueDequeue_Int,ShortRun,False,Default,Default,Default,Default,Default,Default,1111111111111111111111111111111111111111111111111111111111111111,Empty,RyuJit,Default,X64,8c5e7fda-e8bf-4a96-9a85-a6e23a8c635c,.NET 10.0,False,True,False,True,Default,Default,False,False,False,Default,Default,Default,Default,Default,Default,Default,Default,3,Default,1,Default,Default,Default,Default,Default,Default,16,3,1000,70.061 ns,5.5416 ns,0.3038 ns,69.903 ns,1.64,0.15,0 B,0.00
Locking_EnqueueDequeue_Int,ShortRun,False,Default,Default,Default,Default,Default,Default,1111111111111111111111111111111111111111111111111111111111111111,Empty,RyuJit,Default,X64,8c5e7fda-e8bf-4a96-9a85-a6e23a8c635c,.NET 10.0,False,True,False,True,Default,Default,False,False,False,Default,Default,Default,Default,Default,Default,Default,Default,3,Default,1,Default,Default,Default,Default,Default,Default,16,3,1000,62.353 ns,2.4611 ns,0.1349 ns,62.373 ns,1.46,0.13,0 B,0.00
RawLocked_EnqueueDequeue_Int,ShortRun,False,Default,Default,Default,Default,Default,Default,1111111111111111111111111111111111111111111111111111111111111111,Empty,RyuJit,Default,X64,8c5e7fda-e8bf-4a96-9a85-a6e23a8c635c,.NET 10.0,False,True,False,True,Default,Default,False,False,False,Default,Default,Default,Default,Default,Default,Default,Default,3,Default,1,Default,Default,Default,Default,Default,Default,16,3,1000,53.957 ns,0.8732 ns,0.0479 ns,53.957 ns,1.26,0.12,0 B,0.00
RawUnlocked_EnqueueDequeue_Int,ShortRun,False,Default,Default,Default,Default,Default,Default,1111111111111111111111111111111111111111111111111111111111111111,Empty,RyuJit,Default,X64,8c5e7fda-e8bf-4a96-9a85-a6e23a8c635c,.NET 10.0,False,True,False,True,Default,Default,False,False,False,Default,Default,Default,Default,Default,Default,Default,Default,3,Default,1,Default,Default,Default,Default,Default,Default,16,3,1000,53.670 ns,1.0894 ns,0.0597 ns,53.642 ns,1.25,0.12,0 B,0.00
MultiQueue_EnqueueDequeue_String,ShortRun,False,Default,Default,Default,Default,Default,Default,1111111111111111111111111111111111111111111111111111111111111111,Empty,RyuJit,Default,X64,8c5e7fda-e8bf-4a96-9a85-a6e23a8c635c,.NET 10.0,False,True,False,True,Default,Default,False,False,False,Default,Default,Default,Default,Default,Default,Default,Default,3,Default,1,Default,Default,Default,Default,Default,Default,16,3,1000,368.113 ns,10.3864 ns,0.5693 ns,367.818 ns,8.61,0.80,0 B,0.00
MultiQueue_Enqueue_Int,ShortRun,False,Default,Default,Default,Default,Default,Default,1111111111111111111111111111111111111111111111111111111111111111,Empty,RyuJit,Default,X64,8c5e7fda-e8bf-4a96-9a85-a6e23a8c635c,.NET 10.0,False,True,False,True,Default,Default,False,False,False,Default,Default,Default,Default,Default,Default,Default,Default,3,Default,1,Default,Default,Default,Default,Default,Default,16,3,1000,43.124 ns,89.4867 ns,4.9051 ns,40.353 ns,1.01,0.14,64 B,1.00
MultiQueueSticky4_Enqueue_Int,ShortRun,False,Default,Default,Default,Default,Default,Default,1111111111111111111111111111111111111111111111111111111111111111,Empty,RyuJit,Default,X64,8c5e7fda-e8bf-4a96-9a85-a6e23a8c635c,.NET 10.0,False,True,False,True,Default,Default,False,False,False,Default,Default,Default,Default,Default,Default,Default,Default,3,Default,1,Default,Default,Default,Default,Default,Default,16,3,1000,40.928 ns,88.7447 ns,4.8644 ns,38.136 ns,0.96,0.13,65 B,1.02
Locking_Enqueue_Int,ShortRun,False,Default,Default,Default,Default,Default,Default,1111111111111111111111111111111111111111111111111111111111111111,Empty,RyuJit,Default,X64,8c5e7fda-e8bf-4a96-9a85-a6e23a8c635c,.NET 10.0,False,True,False,True,Default,Default,False,False,False,Default,Default,Default,Default,Default,Default,Default,Default,3,Default,1,Default,Default,Default,Default,Default,Default,16,3,1000,22.553 ns,128.9756 ns,7.0696 ns,18.481 ns,0.53,0.15,0 B,0.00
RawLocked_Enqueue_Int,ShortRun,False,Default,Default,Default,Default,Default,Default,1111111111111111111111111111111111111111111111111111111111111111,Empty,RyuJit,Default,X64,8c5e7fda-e8bf-4a96-9a85-a6e23a8c635c,.NET 10.0,False,True,False,True,Default,Default,False,False,False,Default,Default,Default,Default,Default,Default,Default,Default,3,Default,1,Default,Default,Default,Default,Default,Default,16,3,1000,22.370 ns,125.9485 ns,6.9037 ns,18.386 ns,0.52,0.15,0 B,0.00
RawUnlocked_Enqueue_Int,ShortRun,False,Default,Default,Default,Default,Default,Default,1111111111111111111111111111111111111111111111111111111111111111,Empty,RyuJit,Default,X64,8c5e7fda-e8bf-4a96-9a85-a6e23a8c635c,.NET 10.0,False,True,False,True,Default,Default,False,False,False,Default,Default,Default,Default,Default,Default,Default,Default,3,Default,1,Default,Default,Default,Default,Default,Default,16,3,1000,6.208 ns,130.1499 ns,7.1340 ns,2.101 ns,0.15,0.15,0 B,0.00
MultiQueue_Enqueue_String,ShortRun,False,Default,Default,Default,Default,Default,Default,1111111111111111111111111111111111111111111111111111111111111111,Empty,RyuJit,Default,X64,8c5e7fda-e8bf-4a96-9a85-a6e23a8c635c,.NET 10.0,False,True,False,True,Default,Default,False,False,False,Default,Default,Default,Default,Default,Default,Default,Default,3,Default,1,Default,Default,Default,Default,Default,Default,16,3,1000,149.683 ns,240.0147 ns,13.1560 ns,142.654 ns,3.50,0.42,119 B,1.86
MultiQueue_EnqueueDequeue_Int,ShortRun,False,Default,Default,Default,Default,Default,Default,1111111111111111111111111111111111111111111111111111111111111111,Empty,RyuJit,Default,X64,8c5e7fda-e8bf-4a96-9a85-a6e23a8c635c,.NET 10.0,False,True,False,True,Default,Default,False,False,False,Default,Default,Default,Default,Default,Default,Default,Default,3,Default,1,Default,Default,Default,Default,Default,Default,16,3,100000,129.926 ns,5.1694 ns,0.2834 ns,130.010 ns,3.02,0.38,0 B,0.00
MultiQueueSticky4_EnqueueDequeue_Int,ShortRun,False,Default,Default,Default,Default,Default,Default,1111111111111111111111111111111111111111111111111111111111111111,Empty,RyuJit,Default,X64,8c5e7fda-e8bf-4a96-9a85-a6e23a8c635c,.NET 10.0,False,True,False,True,Default,Default,False,False,False,Default,Default,Default,Default,Default,Default,Default,Default,3,Default,1,Default,Default,Default,Default,Default,Default,16,3,100000,112.139 ns,4.0207 ns,0.2204 ns,112.247 ns,2.61,0.33,0 B,0.00
Locking_EnqueueDequeue_Int,ShortRun,False,Default,Default,Default,Default,Default,Default,1111111111111111111111111111111111111111111111111111111111111111,Empty,RyuJit,Default,X64,8c5e7fda-e8bf-4a96-9a85-a6e23a8c635c,.NET 10.0,False,True,False,True,Default,Default,False,False,False,Default,Default,Default,Default,Default,Default,Default,Default,3,Default,1,Default,Default,Default,Default,Default,Default,16,3,100000,79.558 ns,0.2321 ns,0.0127 ns,79.559 ns,1.85,0.23,0 B,0.00
RawLocked_EnqueueDequeue_Int,ShortRun,False,Default,Default,Default,Default,Default,Default,1111111111111111111111111111111111111111111111111111111111111111,Empty,RyuJit,Default,X64,8c5e7fda-e8bf-4a96-9a85-a6e23a8c635c,.NET 10.0,False,True,False,True,Default,Default,False,False,False,Default,Default,Default,Default,Default,Default,Default,Default,3,Default,1,Default,Default,Default,Default,Default,Default,16,3,100000,75.309 ns,4.0242 ns,0.2206 ns,75.405 ns,1.75,0.22,0 B,0.00
RawUnlocked_EnqueueDequeue_Int,ShortRun,False,Default,Default,Default,Default,Default,Default,1111111111111111111111111111111111111111111111111111111111111111,Empty,RyuJit,Default,X64,8c5e7fda-e8bf-4a96-9a85-a6e23a8c635c,.NET 10.0,False,True,False,True,Default,Default,False,False,False,Default,Default,Default,Default,Default,Default,Default,Default,3,Default,1,Default,Default,Default,Default,Default,Default,16,3,100000,60.850 ns,1.6966 ns,0.0930 ns,60.859 ns,1.42,0.18,0 B,0.00
MultiQueue_EnqueueDequeue_String,ShortRun,False,Default,Default,Default,Default,Default,Default,1111111111111111111111111111111111111111111111111111111111111111,Empty,RyuJit,Default,X64,8c5e7fda-e8bf-4a96-9a85-a6e23a8c635c,.NET 10.0,False,True,False,True,Default,Default,False,False,False,Default,Default,Default,Default,Default,Default,Default,Default,3,Default,1,Default,Default,Default,Default,Default,Default,16,3,100000,"1,137.696 ns",32.5681 ns,1.7852 ns,"1,137.676 ns",26.49,3.31,0 B,0.00
MultiQueue_Enqueue_Int,ShortRun,False,Default,Default,Default,Default,Default,Default,1111111111111111111111111111111111111111111111111111111111111111,Empty,RyuJit,Default,X64,8c5e7fda-e8bf-4a96-9a85-a6e23a8c635c,.NET 10.0,False,True,False,True,Default,Default,False,False,False,Default,Default,Default,Default,Default,Default,Default,Default,3,Default,1,Default,Default,Default,Default,Default,Default,16,3,100000,43.613 ns,125.0588 ns,6.8549 ns,39.677 ns,1.02,0.19,33 B,1.00
MultiQueueSticky4_Enqueue_Int,ShortRun,False,Default,Default,Default,Default,Default,Default,1111111111111111111111111111111111111111111111111111111111111111,Empty,RyuJit,Default,X64,8c5e7fda-e8bf-4a96-9a85-a6e23a8c635c,.NET 10.0,False,True,False,True,Default,Default,False,False,False,Default,Default,Default,Default,Default,Default,Default,Default,3,Default,1,Default,Default,Default,Default,Default,Default,16,3,100000,41.167 ns,109.8231 ns,6.0198 ns,37.715 ns,0.96,0.17,48 B,1.45
Locking_Enqueue_Int,ShortRun,False,Default,Default,Default,Default,Default,Default,1111111111111111111111111111111111111111111111111111111111111111,Empty,RyuJit,Default,X64,8c5e7fda-e8bf-4a96-9a85-a6e23a8c635c,.NET 10.0,False,True,False,True,Default,Default,False,False,False,Default,Default,Default,Default,Default,Default,Default,Default,3,Default,1,Default,Default,Default,Default,Default,Default,16,3,100000,22.626 ns,131.0229 ns,7.1818 ns,18.510 ns,0.53,0.16,0 B,0.00
RawLocked_Enqueue_Int,ShortRun,False,Default,Default,Default,Default,Default,Default,1111111111111111111111111111111111111111111111111111111111111111,Empty,RyuJit,Default,X64,8c5e7fda-e8bf-4a96-9a85-a6e23a8c635c,.NET 10.0,False,True,False,True,Default,Default,False,False,False,Default,Default,Default,Default,Default,Default,Default,Default,3,Default,1,Default,Default,Default,Default,Default,Default,16,3,100000,22.464 ns,125.8585 ns,6.8987 ns,18.517 ns,0.52,0.15,0 B,0.00
RawUnlocked_Enqueue_Int,ShortRun,False,Default,Default,Default,Default,Default,Default,1111111111111111111111111111111111111111111111111111111111111111,Empty,RyuJit,Default,X64,8c5e7fda-e8bf-4a96-9a85-a6e23a8c635c,.NET 10.0,False,True,False,True,Default,Default,False,False,False,Default,Default,Default,Default,Default,Default,Default,Default,3,Default,1,Default,Default,Default,Default,Default,Default,16,3,100000,6.166 ns,128.4681 ns,7.0418 ns,2.103 ns,0.14,0.14,0 B,0.00
MultiQueue_Enqueue_String,ShortRun,False,Default,Default,Default,Default,Default,Default,1111111111111111111111111111111111111111111111111111111111111111,Empty,RyuJit,Default,X64,8c5e7fda-e8bf-4a96-9a85-a6e23a8c635c,.NET 10.0,False,True,False,True,Default,Default,False,False,False,Default,Default,Default,Default,Default,Default,Default,Default,3,Default,1,Default,Default,Default,Default,Default,Default,16,3,100000,157.013 ns,406.0593 ns,22.2575 ns,144.495 ns,3.66,0.64,41 B,1.24
MultiQueue_EnqueueDequeue_Int,ShortRun,False,Default,Default,Default,Default,Default,Default,1111111111111111111111111111111111111111111111111111111111111111,Empty,RyuJit,Default,X64,8c5e7fda-e8bf-4a96-9a85-a6e23a8c635c,.NET 10.0,False,True,False,True,Default,Default,False,False,False,Default,Default,Default,Default,Default,Default,Default,Default,3,Default,1,Default,Default,Default,Default,Default,Default,16,3,1000000,182.176 ns,27.5840 ns,1.5120 ns,182.062 ns,4.00,0.64,0 B,NA
MultiQueueSticky4_EnqueueDequeue_Int,ShortRun,False,Default,Default,Default,Default,Default,Default,1111111111111111111111111111111111111111111111111111111111111111,Empty,RyuJit,Default,X64,8c5e7fda-e8bf-4a96-9a85-a6e23a8c635c,.NET 10.0,False,True,False,True,Default,Default,False,False,False,Default,Default,Default,Default,Default,Default,Default,Default,3,Default,1,Default,Default,Default,Default,Default,Default,16,3,1000000,182.485 ns,12.5574 ns,0.6883 ns,182.653 ns,4.00,0.64,0 B,NA
Locking_EnqueueDequeue_Int,ShortRun,False,Default,Default,Default,Default,Default,Default,1111111111111111111111111111111111111111111111111111111111111111,Empty,RyuJit,Default,X64,8c5e7fda-e8bf-4a96-9a85-a6e23a8c635c,.NET 10.0,False,True,False,True,Default,Default,False,False,False,Default,Default,Default,Default,Default,Default,Default,Default,3,Default,1,Default,Default,Default,Default,Default,Default,16,3,1000000,89.679 ns,7.5379 ns,0.4132 ns,89.533 ns,1.97,0.32,0 B,NA
RawLocked_EnqueueDequeue_Int,ShortRun,False,Default,Default,Default,Default,Default,Default,1111111111111111111111111111111111111111111111111111111111111111,Empty,RyuJit,Default,X64,8c5e7fda-e8bf-4a96-9a85-a6e23a8c635c,.NET 10.0,False,True,False,True,Default,Default,False,False,False,Default,Default,Default,Default,Default,Default,Default,Default,3,Default,1,Default,Default,Default,Default,Default,Default,16,3,1000000,77.653 ns,3.1531 ns,0.1728 ns,77.639 ns,1.70,0.27,0 B,NA
RawUnlocked_EnqueueDequeue_Int,ShortRun,False,Default,Default,Default,Default,Default,Default,1111111111111111111111111111111111111111111111111111111111111111,Empty,RyuJit,Default,X64,8c5e7fda-e8bf-4a96-9a85-a6e23a8c635c,.NET 10.0,False,True,False,True,Default,Default,False,False,False,Default,Default,Default,Default,Default,Default,Default,Default,3,Default,1,Default,Default,Default,Default,Default,Default,16,3,1000000,73.026 ns,5.7121 ns,0.3131 ns,72.965 ns,1.60,0.26,0 B,NA
MultiQueue_EnqueueDequeue_String,ShortRun,False,Default,Default,Default,Default,Default,Default,1111111111111111111111111111111111111111111111111111111111111111,Empty,RyuJit,Default,X64,8c5e7fda-e8bf-4a96-9a85-a6e23a8c635c,.NET 10.0,False,True,False,True,Default,Default,False,False,False,Default,Default,Default,Default,Default,Default,Default,Default,3,Default,1,Default,Default,Default,Default,Default,Default,16,3,1000000,"1,583.613 ns","2,186.4700 ns",119.8478 ns,"1,618.048 ns",34.73,6.04,0 B,NA
MultiQueue_Enqueue_Int,ShortRun,False,Default,Default,Default,Default,Default,Default,1111111111111111111111111111111111111111111111111111111111111111,Empty,RyuJit,Default,X64,8c5e7fda-e8bf-4a96-9a85-a6e23a8c635c,.NET 10.0,False,True,False,True,Default,Default,False,False,False,Default,Default,Default,Default,Default,Default,Default,Default,3,Default,1,Default,Default,Default,Default,Default,Default,16,3,1000000,46.800 ns,177.4760 ns,9.7281 ns,41.255 ns,1.03,0.25,0 B,NA
MultiQueueSticky4_Enqueue_Int,ShortRun,False,Default,Default,Default,Default,Default,Default,1111111111111111111111111111111111111111111111111111111111111111,Empty,RyuJit,Default,X64,8c5e7fda-e8bf-4a96-9a85-a6e23a8c635c,.NET 10.0,False,True,False,True,Default,Default,False,False,False,Default,Default,Default,Default,Default,Default,Default,Default,3,Default,1,Default,Default,Default,Default,Default,Default,16,3,1000000,44.374 ns,175.1905 ns,9.6028 ns,38.895 ns,0.97,0.24,0 B,NA
Locking_Enqueue_Int,ShortRun,False,Default,Default,Default,Default,Default,Default,1111111111111111111111111111111111111111111111111111111111111111,Empty,RyuJit,Default,X64,8c5e7fda-e8bf-4a96-9a85-a6e23a8c635c,.NET 10.0,False,True,False,True,Default,Default,False,False,False,Default,Default,Default,Default,Default,Default,Default,Default,3,Default,1,Default,Default,Default,Default,Default,Default,16,3,1000000,22.892 ns,129.1722 ns,7.0804 ns,19.123 ns,0.50,0.16,0 B,NA
RawLocked_Enqueue_Int,ShortRun,False,Default,Default,Default,Default,Default,Default,1111111111111111111111111111111111111111111111111111111111111111,Empty,RyuJit,Default,X64,8c5e7fda-e8bf-4a96-9a85-a6e23a8c635c,.NET 10.0,False,True,False,True,Default,Default,False,False,False,Default,Default,Default,Default,Default,Default,Default,Default,3,Default,1,Default,Default,Default,Default,Default,Default,16,3,1000000,22.913 ns,131.7158 ns,7.2198 ns,18.762 ns,0.50,0.16,0 B,NA
RawUnlocked_Enqueue_Int,ShortRun,False,Default,Default,Default,Default,Default,Default,1111111111111111111111111111111111111111111111111111111111111111,Empty,RyuJit,Default,X64,8c5e7fda-e8bf-4a96-9a85-a6e23a8c635c,.NET 10.0,False,True,False,True,Default,Default,False,False,False,Default,Default,Default,Default,Default,Default,Default,Default,3,Default,1,Default,Default,Default,Default,Default,Default,16,3,1000000,6.061 ns,126.0018 ns,6.9066 ns,2.078 ns,0.13,0.13,0 B,NA
MultiQueue_Enqueue_String,ShortRun,False,Default,Default,Default,Default,Default,Default,1111111111111111111111111111111111111111111111111111111111111111,Empty,RyuJit,Default,X64,8c5e7fda-e8bf-4a96-9a85-a6e23a8c635c,.NET 10.0,False,True,False,True,Default,Default,False,False,False,Default,Default,Default,Default,Default,Default,Default,Default,3,Default,1,Default,Default,Default,Default,Default,Default,16,3,1000000,157.738 ns,485.6519 ns,26.6202 ns,142.755 ns,3.46,0.76,0 B,NA
